Songtitel;Zuletzt_gespielt;Anzahl_gespielt;Reifegrad;Kommentar
These Days;08/05/2025;16;3;
Times Like These;08/05/2025;2;5;
Arlandria;08/05/2025;3;5;
Bridge Burning;08/05/2025;4;5;
Monkey Wrench;08/05/2025;3;5;
The Pretender;08/05/2025;3;5;
DOA;08/05/2025;2;5;
Saint Cecilia;08/05/2025;1;5;
No son of mine;08/05/2025;2;5;
Something from nothing;08/05/2025;2;5;
Breakout;08/05/2025;1;5;
Run;05/08/2025;17;5;
Let It Die;05/08/2025;3;5;
Walk;05/08/2025;3;5;
All My Life;05/08/2025;16;5;
Cold Day In The Sun;05/10/2025;3;5;
Long Road To Ruin;05/12/2025;18;5;
Best Of You;05/12/2025;15;5;
Nothing at all;05/12/2025;11;5;
Hey Johnny Park;05/12/2025;16;5;
Learn To Fly;08/05/2025;14;6;
Everlong;08/05/2025;4;6;
Outside;08/05/2025;13;7;
My Hero;08/05/2025;1;8;
Dear Rosemary;08/05/2025;17;10;
