Songtitel;Gespielt_am
Run;2025-05-08
Best Of You;2025-05-08
Long Road To Ruin;2025-05-08
Outside;2025-05-08
Dear Rosemary;2025-05-08
Hey Johnny Park;2025-05-08
Outside;2025-05-08
Run;2025-05-08
These Days;2025-05-08
Learn To Fly;2025-05-08
Hey Johnny Park;2025-05-08
Dear Rosemary;2025-05-08
Learn To Fly;2025-05-08
Run;2025-05-08
All My Life;2025-05-08
Learn To Fly;2025-05-08
Hey Johnny Park;2025-05-08
Dear Rosemary;2025-05-08
Long Road To Ruin;2025-05-08
Best Of You;2025-05-08
Dear Rosemary;2025-05-08
Long Road To Ruin;2025-05-08
These Days;2025-05-08
Best Of You;2025-05-08
Run;2025-05-08
Dear Rosemary;2025-05-08
Best Of You;2025-05-08
These Days;2025-05-08
Long Road To Ruin;2025-05-08
Outside;2025-05-08
Dear Rosemary;2025-05-08
Learn To Fly;2025-05-08
Outside;2025-05-08
Run;2025-05-08
All My Life;2025-05-08
These Days;2025-05-08
Dear Rosemary;2025-05-08
Hey Johnny Park;2025-05-08
Long Road To Ruin;2025-05-08
Learn To Fly;2025-05-08
Learn To Fly;2025-05-08
All My Life;2025-05-08
Dear Rosemary;2025-05-08
Run;2025-05-08
Long Road To Ruin;2025-05-08
Best Of You;2025-05-08
Run;2025-05-08
Dear Rosemary;2025-05-08
Nothing at all;2025-05-08
Outside;2025-05-08
Long Road To Ruin;2025-05-08
Nothing at all;2025-05-08
All My Life;2025-05-08
These Days;2025-05-08
Outside;2025-05-08
Outside;2025-05-08
All My Life;2025-05-08
Dear Rosemary;2025-05-08
Long Road To Ruin;2025-05-08
These Days;2025-05-08
Best Of You;2025-05-08
Learn To Fly;2025-05-08
Run;2025-05-08
Long Road To Ruin;2025-05-08
Hey Johnny Park;2025-05-08
Dear Rosemary;2025-05-08
Hey Johnny Park;2025-05-08
Outside;2025-05-08
Long Road To Ruin;2025-05-08
Nothing at all;2025-05-08
Best Of You;2025-05-08
Nothing at all;2025-05-08
Run;2025-05-08
All My Life;2025-05-08
These Days;2025-05-08
Hey Johnny Park;2025-05-08
Learn To Fly;2025-05-08
Outside;2025-05-08
Best Of You;2025-05-08
Dear Rosemary;2025-05-08
Run;2025-05-08
Nothing at all;2025-05-08
Long Road To Ruin;2025-05-08
Hey Johnny Park;2025-05-08
Outside;2025-05-08
Dear Rosemary;2025-05-08
Learn To Fly;2025-05-08
These Days;2025-05-08
Run;2025-05-08
Hey Johnny Park;2025-05-08
Learn To Fly;2025-05-08
Nothing at all;2025-05-08
These Days;2025-05-08
Run;2025-05-08
All My Life;2025-05-08
Hey Johnny Park;2025-05-08
Outside;2025-05-08
Best Of You;2025-05-08
Learn To Fly;2025-05-08
Long Road To Ruin;2025-05-08
All My Life;2025-05-08
Nothing at all;2025-05-08
Best Of You;2025-05-08
Run;2025-05-08
Dear Rosemary;2025-05-08
Cold Day In The Sun;2025-05-08
Run;2025-05-08
Let It Die;2025-05-08
All My Life;2025-05-08
Long Road To Ruin;2025-05-08
Walk;2025-05-08
These Days;2025-05-08
Best Of You;2025-05-08
Run;2025-05-08
Long Road To Ruin;2025-05-08
Hey Johnny Park;2025-05-10
These Days;2025-05-10
Nothing at all;2025-05-10
All My Life;2025-05-10
Cold Day In The Sun;2025-05-10
All My Life;2025-05-12
Hey Johnny Park;2025-05-12
Nothing at all;2025-05-12
Long Road To Ruin;2025-05-12
Best Of You;2025-05-12
All My Life;2025-05-08
Run;2025-05-08
Let It Die;2025-05-08
Walk;2025-05-08
These Days;2025-05-08
DOA;2025-05-08
Monkey Wrench;2025-05-08
These Days;2025-05-08
Something from nothing;2025-05-08
Bridge Burning;2025-05-08
Bridge Burning;2025-05-08
Everlong;2025-05-08
No son of mine;2025-05-08
Times Like These;2025-05-08
The Pretender;2025-05-08
Hey Johnny Park;2025-05-08
Hey Johnny Park;2025-05-08
Everlong;2025-05-08
Arlandria;2025-05-12
Breakout;2025-05-12
Breakout;2025-05-12
Breakout;2025-05-12
Dear Rosemary;2025-05-12
Learn To Fly;2025-05-12
All My Life;2025-05-08
Saint Cecilia;2025-05-08
Walk;2025-05-08
Let It Die;2025-05-08
Run;2025-05-08
